"Outcome","Parameter","Analysis sample","Inference tier","Model","N","Beta per 1 SD higher","CI low","CI high","P value","Adjusted R2"
"Peak VO2 (% predicted)","E/e'","Parameter available-case sample","Primary same-sample robustness","Unadjusted",316,-2.40072239775611,-5.13955524298544,0.338110447473221,0.0855741188975716,0.0062289800879819
"Peak VO2 (% predicted)","E/e'","Parameter available-case sample","Primary same-sample robustness","Age/sex/BMI adjusted",316,-6.00958928123039,-8.61458040167254,-3.40459816078823,8.08057563985984e-06,0.214550427914866
"Peak VO2 (% predicted)","E/e'","Expanded-covariate complete subset","Supplemental expanded-covariate sensitivity","Unadjusted",126,-3.13346267461592,-7.82498563749977,1.55806028826793,0.188615363531169,0.00594504695266818
"Peak VO2 (% predicted)","E/e'","Expanded-covariate complete subset","Supplemental expanded-covariate sensitivity","Age/sex/BMI adjusted",126,-7.56604500405019,-11.8732856041347,-3.25880440396573,0.000703555838550905,0.258228541943701
"Peak VO2 (% predicted)","E/e'","Expanded-covariate complete subset","Supplemental expanded-covariate sensitivity","Age/sex/BMI + septal thickness/LVOT gradient/medications/hypertension",126,-6.80094584064882,-11.1870138145037,-2.41487786679392,0.00265705074093335,0.283488235328041
"Peak VO2 (% predicted)","E/e'","Expanded-covariate indicator-handled sample","Supplemental expanded-covariate sensitivity (missing-indicator handled)","Unadjusted",316,-2.40072239775611,-5.13955524298544,0.338110447473221,0.0855741188975716,0.0062289800879819
"Peak VO2 (% predicted)","E/e'","Expanded-covariate indicator-handled sample","Supplemental expanded-covariate sensitivity (missing-indicator handled)","Age/sex/BMI adjusted",316,-6.00958928123039,-8.61458040167254,-3.40459816078823,8.08057563985984e-06,0.214550427914866
"Peak VO2 (% predicted)","E/e'","Expanded-covariate indicator-handled sample","Supplemental expanded-covariate sensitivity (missing-indicator handled)","Age/sex/BMI + septal thickness/LVOT gradient/medications/hypertension (missing-indicator handled)",316,-5.38684496896277,-8.20828207748153,-2.56540786044401,0.000206245132130887,0.219232515338999
"Peak VO2 (% predicted)","LAVi","Parameter available-case sample","Primary same-sample robustness","Unadjusted",301,-2.62369005364152,-5.22412648344695,-0.0232536238360948,0.0479990749740011,0.00971247145437615
"Peak VO2 (% predicted)","LAVi","Parameter available-case sample","Primary same-sample robustness","Age/sex/BMI adjusted",301,-3.62204159473415,-5.9599113372869,-1.2841718521814,0.00250337581831654,0.213620280371577
"Peak VO2 (% predicted)","LAVi","Expanded-covariate complete subset","Supplemental expanded-covariate sensitivity","Unadjusted",126,-0.251362078377344,-4.44526742918614,3.94254327243145,0.905761785469071,-0.00795012452527688
"Peak VO2 (% predicted)","LAVi","Expanded-covariate complete subset","Supplemental expanded-covariate sensitivity","Age/sex/BMI adjusted",126,-3.59531893435688,-7.36214866854051,0.171510799826756,0.0612014810263853,0.24991802051986
"Peak VO2 (% predicted)","LAVi","Expanded-covariate complete subset","Supplemental expanded-covariate sensitivity","Age/sex/BMI + septal thickness/LVOT gradient/medications/hypertension",126,-2.53868060116746,-6.46277222898291,1.38541102664798,0.202622536684626,0.26834668048026
"Peak VO2 (% predicted)","LAVi","Expanded-covariate indicator-handled sample","Supplemental expanded-covariate sensitivity (missing-indicator handled)","Unadjusted",301,-2.62369005364152,-5.22412648344695,-0.0232536238360948,0.0479990749740011,0.00971247145437615
"Peak VO2 (% predicted)","LAVi","Expanded-covariate indicator-handled sample","Supplemental expanded-covariate sensitivity (missing-indicator handled)","Age/sex/BMI adjusted",301,-3.62204159473415,-5.9599113372869,-1.2841718521814,0.00250337581831654,0.213620280371577
"Peak VO2 (% predicted)","LAVi","Expanded-covariate indicator-handled sample","Supplemental expanded-covariate sensitivity (missing-indicator handled)","Age/sex/BMI + septal thickness/LVOT gradient/medications/hypertension (missing-indicator handled)",301,-2.93243064845859,-5.34170211680379,-0.523159180113391,0.0172310414741056,0.225511392373071
"Peak VO2 (% predicted)","TRVmax","Parameter available-case sample","Primary same-sample robustness","Unadjusted",253,-5.58909949769396,-8.66017194248653,-2.51802705290139,0.000406061064062802,0.0449006222195618
"Peak VO2 (% predicted)","TRVmax","Parameter available-case sample","Primary same-sample robustness","Age/sex/BMI adjusted",253,-6.33788317099432,-9.21477780417544,-3.4609885378132,2.08452898398146e-05,0.170741088557546
"Peak VO2 (% predicted)","TRVmax","Expanded-covariate complete subset","Supplemental expanded-covariate sensitivity","Unadjusted",88,-6.92855051111835,-12.4314200395452,-1.42568098269153,0.0142063522352414,0.0570623117798641
"Peak VO2 (% predicted)","TRVmax","Expanded-covariate complete subset","Supplemental expanded-covariate sensitivity","Age/sex/BMI adjusted",88,-8.37645981535044,-13.4856512780083,-3.26726835269255,0.00161216523994379,0.209552253572973
"Peak VO2 (% predicted)","TRVmax","Expanded-covariate complete subset","Supplemental expanded-covariate sensitivity","Age/sex/BMI + septal thickness/LVOT gradient/medications/hypertension",88,-9.54606243643183,-14.346894195624,-4.74523067723968,0.000165227289264674,0.322659683979657
"Peak VO2 (% predicted)","TRVmax","Expanded-covariate indicator-handled sample","Supplemental expanded-covariate sensitivity (missing-indicator handled)","Unadjusted",253,-5.58909949769396,-8.66017194248653,-2.51802705290139,0.000406061064062802,0.0449006222195618
"Peak VO2 (% predicted)","TRVmax","Expanded-covariate indicator-handled sample","Supplemental expanded-covariate sensitivity (missing-indicator handled)","Age/sex/BMI adjusted",253,-6.33788317099432,-9.21477780417544,-3.4609885378132,2.08452898398146e-05,0.170741088557546
"Peak VO2 (% predicted)","TRVmax","Expanded-covariate indicator-handled sample","Supplemental expanded-covariate sensitivity (missing-indicator handled)","Age/sex/BMI + septal thickness/LVOT gradient/medications/hypertension (missing-indicator handled)",253,-5.95732005306114,-8.86829363384268,-3.0463464722796,7.4560876103119e-05,0.190652234390442
"VE/VCO2 slope","E/e'","Parameter available-case sample","Primary same-sample robustness","Unadjusted",316,1.18352575072898,0.509392750377969,1.85765875108,0.000627578522831668,0.0335408642444166
"VE/VCO2 slope","E/e'","Parameter available-case sample","Primary same-sample robustness","Age/sex/BMI adjusted",316,0.929265298738247,0.220272886322339,1.63825771115416,0.0103699677025509,0.0660448185611305
"VE/VCO2 slope","E/e'","Expanded-covariate complete subset","Supplemental expanded-covariate sensitivity","Unadjusted",126,2.09543765896796,1.01696256725614,3.17391275067979,0.000191170624760135,0.099353351521823
"VE/VCO2 slope","E/e'","Expanded-covariate complete subset","Supplemental expanded-covariate sensitivity","Age/sex/BMI adjusted",126,2.05625396849239,0.905857844785552,3.20665009219923,0.000571332428962161,0.0927683932170278
"VE/VCO2 slope","E/e'","Expanded-covariate complete subset","Supplemental expanded-covariate sensitivity","Age/sex/BMI + septal thickness/LVOT gradient/medications/hypertension",126,1.8699778371845,0.685295252952279,3.05466042141672,0.00223724959331518,0.103752172779724
"VE/VCO2 slope","E/e'","Expanded-covariate indicator-handled sample","Supplemental expanded-covariate sensitivity (missing-indicator handled)","Unadjusted",316,1.18352575072898,0.509392750377969,1.85765875108,0.000627578522831668,0.0335408642444166
"VE/VCO2 slope","E/e'","Expanded-covariate indicator-handled sample","Supplemental expanded-covariate sensitivity (missing-indicator handled)","Age/sex/BMI adjusted",316,0.929265298738247,0.220272886322339,1.63825771115416,0.0103699677025509,0.0660448185611305
"VE/VCO2 slope","E/e'","Expanded-covariate indicator-handled sample","Supplemental expanded-covariate sensitivity (missing-indicator handled)","Age/sex/BMI + septal thickness/LVOT gradient/medications/hypertension (missing-indicator handled)",316,0.783642016773117,0.0165258944312637,1.55075813911497,0.0452943196994205,0.073511059757852
"VE/VCO2 slope","LAVi","Parameter available-case sample","Primary same-sample robustness","Unadjusted",301,1.21956252981282,0.511649541697251,1.92747551792839,0.00079207941359925,0.033797452956432
"VE/VCO2 slope","LAVi","Parameter available-case sample","Primary same-sample robustness","Age/sex/BMI adjusted",301,1.04485660702974,0.345957645408619,1.74375556865086,0.00351667112173847,0.0747479304046137
"VE/VCO2 slope","LAVi","Expanded-covariate complete subset","Supplemental expanded-covariate sensitivity","Unadjusted",126,1.24320920623156,0.12068562828684,2.36573278417627,0.0302412137284291,0.0295423311261446
"VE/VCO2 slope","LAVi","Expanded-covariate complete subset","Supplemental expanded-covariate sensitivity","Age/sex/BMI adjusted",126,1.1744794424968,-0.00176782314682411,2.35072670814043,0.0503398726580002,0.0170354280369863
"VE/VCO2 slope","LAVi","Expanded-covariate complete subset","Supplemental expanded-covariate sensitivity","Age/sex/BMI + septal thickness/LVOT gradient/medications/hypertension",126,1.23451793392943,0.0476053013967468,2.42143056646212,0.0416293532612712,0.100402101944499
"VE/VCO2 slope","LAVi","Expanded-covariate indicator-handled sample","Supplemental expanded-covariate sensitivity (missing-indicator handled)","Unadjusted",301,1.21956252981282,0.511649541697251,1.92747551792839,0.00079207941359925,0.033797452956432
"VE/VCO2 slope","LAVi","Expanded-covariate indicator-handled sample","Supplemental expanded-covariate sensitivity (missing-indicator handled)","Age/sex/BMI adjusted",301,1.04485660702974,0.345957645408619,1.74375556865086,0.00351667112173847,0.0747479304046137
"VE/VCO2 slope","LAVi","Expanded-covariate indicator-handled sample","Supplemental expanded-covariate sensitivity (missing-indicator handled)","Age/sex/BMI + septal thickness/LVOT gradient/medications/hypertension (missing-indicator handled)",301,1.04402840262897,0.323109540221251,1.76494726503668,0.00468260628334093,0.0870312198172365
"VE/VCO2 slope","TRVmax","Parameter available-case sample","Primary same-sample robustness","Unadjusted",251,2.63324849039138,1.83075164309762,3.43574533768514,5.37762249429762e-10,0.140202758972215
"VE/VCO2 slope","TRVmax","Parameter available-case sample","Primary same-sample robustness","Age/sex/BMI adjusted",251,2.52575610357755,1.73023055246282,3.32128165469227,1.76221879702965e-09,0.16760275337657
"VE/VCO2 slope","TRVmax","Expanded-covariate complete subset","Supplemental expanded-covariate sensitivity","Unadjusted",88,3.99811267561477,2.80337244954475,5.19285290168478,2.54639444363172e-09,0.332081866956339
"VE/VCO2 slope","TRVmax","Expanded-covariate complete subset","Supplemental expanded-covariate sensitivity","Age/sex/BMI adjusted",88,4.02720939192987,2.81788140608987,5.23653737776986,3.2717108181895e-09,0.334529642009476
"VE/VCO2 slope","TRVmax","Expanded-covariate complete subset","Supplemental expanded-covariate sensitivity","Age/sex/BMI + septal thickness/LVOT gradient/medications/hypertension",88,4.06576977973642,2.85714397319488,5.27439558627797,2.9522766686105e-09,0.354896530645461
"VE/VCO2 slope","TRVmax","Expanded-covariate indicator-handled sample","Supplemental expanded-covariate sensitivity (missing-indicator handled)","Unadjusted",251,2.63324849039138,1.83075164309762,3.43574533768514,5.37762249429762e-10,0.140202758972215
"VE/VCO2 slope","TRVmax","Expanded-covariate indicator-handled sample","Supplemental expanded-covariate sensitivity (missing-indicator handled)","Age/sex/BMI adjusted",251,2.52575610357755,1.73023055246282,3.32128165469227,1.76221879702965e-09,0.16760275337657
"VE/VCO2 slope","TRVmax","Expanded-covariate indicator-handled sample","Supplemental expanded-covariate sensitivity (missing-indicator handled)","Age/sex/BMI + septal thickness/LVOT gradient/medications/hypertension (missing-indicator handled)",251,2.55642479728118,1.74761782089231,3.36523177367006,2.14837568590307e-09,0.174109791206746
