"","Estimate","Std. Error","t value","Pr(>|t|)"
"(Intercept)",35.0389101354061,11.3994911554673,3.07372580561204,0.00228924879280485
"status_binaryAbnormal",-9.27971795481592,5.71797822444268,-1.62290194026061,0.105559758345641
"age",0.22757431849921,0.134063691579668,1.69750896620636,0.0905378410341272
"SexFemale",15.4604042388652,4.07780306195816,3.79135627786818,0.000177946391229162
"BMI",1.29138433369535,0.333986270968522,3.86657909605232,0.000132803959918029
"bb_any_yes",-5.20308718150033,2.06363427375805,-2.52132233296605,0.0121593149922856
"bb_any_unknown",-2.59397882704057,2.04809511204497,-1.26653240456716,0.206210639618185
"ndhp_ccb_any_yes",-3.11329538725613,2.93837260476342,-1.0595304973267,0.290128685977931
"ndhp_ccb_any_unknown",-2.7272639770116,2.19331662451318,-1.24344289672128,0.21458224071353
