"Metric","Value","Unit"
"Patients",199,"patients"
"Peak VO2 observations",606,"observations"
"VE/VCO2 observations",601,"observations"
"Patients with exactly 2 visits",90,"patients"
"Patients with exactly 3 visits",54,"patients"
"Patients with >=4 visits",55,"patients"
"Median visits per patient",3,"visits"
"25th percentile visits per patient",2,"visits"
"75th percentile visits per patient",4,"visits"
"Median follow-up span",3.12388774811773,"years"
"25th percentile follow-up span",1.59616700889802,"years"
"75th percentile follow-up span",5.37987679671458,"years"
"Maximum follow-up span",9.99863107460643,"years"
