"Outcome","Parameter","Covariate handling","Patients","Observations","Interaction beta per year per 1 SD","CI low","CI high","P value"
"Peak VO2 (% predicted)","E/e'","Complete case (medication recorded)",46,108,0.318025207473736,-0.572903227066017,1.20895364201349,0.477533136432464
"Peak VO2 (% predicted)","E/e'","Three-level No / Yes / Unknown",139,406,-0.118820667595301,-0.781174833107077,0.543533497916476,0.724183589664912
"Peak VO2 (% predicted)","LAVi","Complete case (medication recorded)",46,111,1.32045776986414,0.156227453464239,2.48468808626405,0.02690733795774
"Peak VO2 (% predicted)","LAVi","Three-level No / Yes / Unknown",124,352,0.100899623621621,-0.679658444206308,0.88145769144955,0.799147867855655
"Peak VO2 (% predicted)","TRVmax","Complete case (medication recorded)",35,80,-0.0296630892505752,-1.30907618490187,1.24975000640072,0.962835499581729
"Peak VO2 (% predicted)","TRVmax","Three-level No / Yes / Unknown",112,344,-0.0529136896588395,-0.805075942061845,0.699248562744166,0.889864930372635
"VE/VCO2 slope","E/e'","Complete case (medication recorded)",46,108,-0.0575046980168705,-0.480912529250332,0.365903133216591,0.786570282291843
"VE/VCO2 slope","E/e'","Three-level No / Yes / Unknown",139,404,0.0419565267285537,-0.195712258580658,0.279625312037766,0.728393956523125
"VE/VCO2 slope","LAVi","Complete case (medication recorded)",46,111,-0.003193380195954,-0.487675822181928,0.48128906179002,0.989521339138055
"VE/VCO2 slope","LAVi","Three-level No / Yes / Unknown",124,351,0.39928288584582,0.12185040637134,0.676715365320301,0.00498925105836538
"VE/VCO2 slope","TRVmax","Complete case (medication recorded)",35,80,0.201137766058073,-0.414453371559895,0.81672890367604,0.512566655972156
"VE/VCO2 slope","TRVmax","Three-level No / Yes / Unknown",111,341,-0.0274464631248028,-0.307301706079318,0.252408779829712,0.846917573678925
