"Outcome","Baseline Parameter","GAMM Term","Effective df","Statistic","P value"
"Peak V̇O2","E/e' (average)","Time smooth","1.03","F = 9.48","2.08 × 10⁻³"
"Peak V̇O2","E/e' (average)","Baseline E/e' smooth","1.97","F = 5.21","1.13 × 10⁻²"
"Peak V̇O2","E/e' (average)","Time × baseline E/e' interaction","2.51","F = 3.37","2.24 × 10⁻²"
"Peak V̇O2","LAVi (mL/m²)","Time smooth","1.94","F = 2.24","0.077"
"Peak V̇O2","LAVi (mL/m²)","Baseline LAVi smooth","1.02","F = 6.88","8.74 × 10⁻³"
"Peak V̇O2","LAVi (mL/m²)","Time × baseline LAVi interaction","1.11","F = 0.15","0.807"
"Peak V̇O2","TRVmax (m/s)","Time smooth","1.04","F = 8.33","4.19 × 10⁻³"
"Peak V̇O2","TRVmax (m/s)","Baseline TRVmax smooth","1.03","F = 5.87","1.57 × 10⁻²"
"Peak V̇O2","TRVmax (m/s)","Time × baseline TRVmax interaction","4.30","F = 4.08","1.92 × 10⁻³"
"V̇E/V̇CO2 slope","E/e' (average)","Time smooth","1.02","F = 10.19","1.48 × 10⁻³"
"V̇E/V̇CO2 slope","E/e' (average)","Baseline E/e' smooth","1.02","F = 1.47","0.227"
"V̇E/V̇CO2 slope","E/e' (average)","Time × baseline E/e' interaction","3.78","F = 1.10","0.429"
"V̇E/V̇CO2 slope","LAVi (mL/m²)","Time smooth","1.06","F = 7.99","4.13 × 10⁻³"
"V̇E/V̇CO2 slope","LAVi (mL/m²)","Baseline LAVi smooth","1.03","F = 10.76","1.04 × 10⁻³"
"V̇E/V̇CO2 slope","LAVi (mL/m²)","Time × baseline LAVi interaction","1.17","F = 6.42","6.83 × 10⁻³"
"V̇E/V̇CO2 slope","TRVmax (m/s)","Time smooth","1.00","F = 20.80","7.42 × 10⁻⁶"
"V̇E/V̇CO2 slope","TRVmax (m/s)","Baseline TRVmax smooth","1.01","F = 10.77","1.13 × 10⁻³"
"V̇E/V̇CO2 slope","TRVmax (m/s)","Time × baseline TRVmax interaction","1.00","F = 0.09","0.760"
