"Outcome","Baseline Parameter","Sample","Fit","Term Class","Term","Effect summary","Statistic","P value"
"Peak V̇O2","E/e' (average)","294 / 105","Smooth GAMM","Smooth","Time smooth","edf = 1.06; ref df = 1.06","F = 0.55","0.493"
"Peak V̇O2","E/e' (average)","294 / 105","Smooth GAMM","Smooth","Time × abnormal E/e' status","edf = 1.01; ref df = 1.01","F = 1.38","0.240"
"Peak V̇O2","E/e' (average)","294 / 105","Smooth GAMM","Parametric","Abnormal E/e' status","β = -0.15; SE = 4.66","t = -0.03","0.975"
"Peak V̇O2","E/e' (average)","294 / 105","Smooth GAMM","Parametric","Age","β = -0.60; SE = 0.12","t = -4.95","<0.001"
"Peak V̇O2","E/e' (average)","294 / 105","Smooth GAMM","Parametric","BMI","β = -1.82; SE = 0.34","t = -5.35","<0.001"
"Peak V̇O2","E/e' (average)","294 / 105","Smooth GAMM","Parametric","Female sex","β = 2.77; SE = 4.62","t = 0.60","0.550"
"Peak V̇O2","E/e' (average)","294 / 105","Smooth GAMM","Parametric","Intercept","β = 156.13; SE = 10.63","t = 14.68","<0.001"
"Peak V̇O2","LAVi (mL/m²)","294 / 105","Smooth GAMM","Smooth","Time smooth","edf = 1.18; ref df = 1.18","F = 0.02","0.945"
"Peak V̇O2","LAVi (mL/m²)","294 / 105","Smooth GAMM","Smooth","Time × abnormal LAVi status","edf = 1.01; ref df = 1.01","F = 0.02","0.918"
"Peak V̇O2","LAVi (mL/m²)","294 / 105","Smooth GAMM","Parametric","Abnormal LAVi status","β = -2.58; SE = 4.15","t = -0.62","0.534"
"Peak V̇O2","LAVi (mL/m²)","294 / 105","Smooth GAMM","Parametric","Age","β = -0.59; SE = 0.12","t = -4.82","<0.001"
"Peak V̇O2","LAVi (mL/m²)","294 / 105","Smooth GAMM","Parametric","BMI","β = -1.81; SE = 0.34","t = -5.30","<0.001"
"Peak V̇O2","LAVi (mL/m²)","294 / 105","Smooth GAMM","Parametric","Female sex","β = 2.86; SE = 4.55","t = 0.63","0.529"
"Peak V̇O2","LAVi (mL/m²)","294 / 105","Smooth GAMM","Parametric","Intercept","β = 156.42; SE = 10.65","t = 14.68","<0.001"
"Peak V̇O2","TRVmax (m/s)","176 / 63","Smooth GAMM","Smooth","Time smooth","edf = 1.84; ref df = 1.84","F = 0.63","0.532"
"Peak V̇O2","TRVmax (m/s)","176 / 63","Smooth GAMM","Smooth","Time × abnormal TRVmax status","edf = 1.00; ref df = 1.00","F = 0.21","0.652"
"Peak V̇O2","TRVmax (m/s)","176 / 63","Smooth GAMM","Parametric","Abnormal TRVmax status","β = -6.56; SE = 7.79","t = -0.84","0.401"
"Peak V̇O2","TRVmax (m/s)","176 / 63","Smooth GAMM","Parametric","Age","β = -0.51; SE = 0.16","t = -3.23","0.002"
"Peak V̇O2","TRVmax (m/s)","176 / 63","Smooth GAMM","Parametric","BMI","β = -1.73; SE = 0.40","t = -4.31","<0.001"
"Peak V̇O2","TRVmax (m/s)","176 / 63","Smooth GAMM","Parametric","Female sex","β = -1.73; SE = 5.36","t = -0.32","0.747"
"Peak V̇O2","TRVmax (m/s)","176 / 63","Smooth GAMM","Parametric","Intercept","β = 150.89; SE = 13.43","t = 11.24","<0.001"
"V̇E/V̇CO2 slope","E/e' (average)","293 / 105","Smooth GAMM","Smooth","Time smooth","edf = 1.04; ref df = 1.04","F = 4.47","0.033"
"V̇E/V̇CO2 slope","E/e' (average)","293 / 105","Smooth GAMM","Smooth","Time × abnormal E/e' status","edf = 1.03; ref df = 1.03","F = 1.31","0.249"
"V̇E/V̇CO2 slope","E/e' (average)","293 / 105","Smooth GAMM","Parametric","Abnormal E/e' status","β = 1.01; SE = 1.28","t = 0.79","0.431"
"V̇E/V̇CO2 slope","E/e' (average)","293 / 105","Smooth GAMM","Parametric","Age","β = 0.02; SE = 0.02","t = 1.29","0.199"
"V̇E/V̇CO2 slope","E/e' (average)","293 / 105","Smooth GAMM","Parametric","BMI","β = -0.01; SE = 0.04","t = -0.33","0.745"
"V̇E/V̇CO2 slope","E/e' (average)","293 / 105","Smooth GAMM","Parametric","Female sex","β = 1.59; SE = 1.23","t = 1.30","0.195"
"V̇E/V̇CO2 slope","E/e' (average)","293 / 105","Smooth GAMM","Parametric","Intercept","β = 31.95; SE = 1.43","t = 22.28","<0.001"
"V̇E/V̇CO2 slope","LAVi (mL/m²)","293 / 105","Smooth GAMM","Smooth","Time smooth","edf = 1.04; ref df = 1.04","F = 2.55","0.107"
"V̇E/V̇CO2 slope","LAVi (mL/m²)","293 / 105","Smooth GAMM","Smooth","Time × abnormal LAVi status","edf = 1.03; ref df = 1.03","F = 1.06","0.306"
"V̇E/V̇CO2 slope","LAVi (mL/m²)","293 / 105","Smooth GAMM","Parametric","Abnormal LAVi status","β = 1.83; SE = 1.11","t = 1.65","0.100"
"V̇E/V̇CO2 slope","LAVi (mL/m²)","293 / 105","Smooth GAMM","Parametric","Age","β = 0.02; SE = 0.02","t = 1.21","0.228"
"V̇E/V̇CO2 slope","LAVi (mL/m²)","293 / 105","Smooth GAMM","Parametric","BMI","β = -0.01; SE = 0.04","t = -0.35","0.726"
"V̇E/V̇CO2 slope","LAVi (mL/m²)","293 / 105","Smooth GAMM","Parametric","Female sex","β = 1.65; SE = 1.20","t = 1.37","0.173"
"V̇E/V̇CO2 slope","LAVi (mL/m²)","293 / 105","Smooth GAMM","Parametric","Intercept","β = 31.43; SE = 1.47","t = 21.34","<0.001"
"V̇E/V̇CO2 slope","TRVmax (m/s)","175 / 63","Smooth GAMM","Smooth","Time smooth","edf = 1.02; ref df = 1.02","F = 4.10","0.043"
"V̇E/V̇CO2 slope","TRVmax (m/s)","175 / 63","Smooth GAMM","Smooth","Time × abnormal TRVmax status","edf = 1.01; ref df = 1.01","F = 0.00","0.977"
"V̇E/V̇CO2 slope","TRVmax (m/s)","175 / 63","Smooth GAMM","Parametric","Abnormal TRVmax status","β = 2.75; SE = 2.17","t = 1.27","0.206"
"V̇E/V̇CO2 slope","TRVmax (m/s)","175 / 63","Smooth GAMM","Parametric","Age","β = 0.03; SE = 0.02","t = 1.51","0.133"
"V̇E/V̇CO2 slope","TRVmax (m/s)","175 / 63","Smooth GAMM","Parametric","BMI","β = -0.01; SE = 0.05","t = -0.24","0.813"
"V̇E/V̇CO2 slope","TRVmax (m/s)","175 / 63","Smooth GAMM","Parametric","Female sex","β = 1.84; SE = 1.52","t = 1.22","0.226"
"V̇E/V̇CO2 slope","TRVmax (m/s)","175 / 63","Smooth GAMM","Parametric","Intercept","β = 31.69; SE = 2.01","t = 15.78","<0.001"
