destination,output_file,source_file
main,Figure1_CohortFlow.pdf,2_Cohort/Figure1_CohortFlow.pdf
main,Figure2_ASE2025_FillingPressure.pdf,3_CrossSectional/Figure2_ASE2025_FillingPressure.pdf
main,Figure2_ASE2025_FillingPressure.png,3_CrossSectional/Figure2_ASE2025_FillingPressure.png
main,Figure3_Nonlinear_DiastolicIndices_RCS.pdf,3_CrossSectional/Figure3_Nonlinear_DiastolicIndices_RCS.pdf
main,Figure3_Nonlinear_DiastolicIndices_RCS.png,3_CrossSectional/Figure3_Nonlinear_DiastolicIndices_RCS.png
main,Figure4_Longitudinal_GAMM.pdf,4_Longitudinal/Figure4_Longitudinal_GAMM.pdf
main,Figure4_Longitudinal_GAMM.png,4_Longitudinal/Figure4_Longitudinal_GAMM.png
main,Figure5_HeartFailure_Outcomes.pdf,5_Outcomes/Figure5_HeartFailure_Outcomes.pdf
main,Figure5_HeartFailure_Outcomes.png,5_Outcomes/Figure5_HeartFailure_Outcomes.png
main,Table1_Manuscript.docx,2_Cohort/Table1_Manuscript.docx
main,Table2_Figure3_RCS_Summary.csv,3_CrossSectional/Table2_Figure3_RCS_Summary.csv
main,Table2_Figure3_RCS_Summary.docx,3_CrossSectional/Table2_Figure3_RCS_Summary.docx
main,Table3_Longitudinal_LMM_Primary.csv,4_Longitudinal/Table3_Longitudinal_LMM_Primary.csv
main,Table3_Longitudinal_LMM_Primary.docx,4_Longitudinal/Table3_Longitudinal_LMM_Primary.docx
main,Table3_Figure4_GAMM_Summary.csv,4_Longitudinal/Table3_Figure4_GAMM_Summary.csv
main,Table3_Figure4_GAMM_Summary.docx,4_Longitudinal/Table3_Figure4_GAMM_Summary.docx
supplement,Figure_S1_AllDiastolic_RCS.pdf,3_CrossSectional/Figure_S1_AllDiastolic_RCS.pdf
supplement,Figure_S1_AllDiastolic_RCS.png,3_CrossSectional/Figure_S1_AllDiastolic_RCS.png
supplement,Figure_S4_DeltaEprime_LongitudinalCoupling.pdf,4_Longitudinal/Figure_S4_DeltaEprime_LongitudinalCoupling.pdf
supplement,Figure_S4_DeltaEprime_LongitudinalCoupling.png,4_Longitudinal/Figure_S4_DeltaEprime_LongitudinalCoupling.png
supplement,FigureS_CrudeVsAdjusted_NonsigPredictors.pdf,5_Outcomes/FigureS_CrudeVsAdjusted_NonsigPredictors.pdf
supplement,FigureS_Figure4_LAVi_Unadjusted_GAMM.pdf,4_Longitudinal/FigureS_Figure4_LAVi_Unadjusted_GAMM.pdf
supplement,FigureS_Figure4_LAVi_Unadjusted_GAMM.png,4_Longitudinal/FigureS_Figure4_LAVi_Unadjusted_GAMM.png
supplement,FigureS_Ee_Binary_Trajectories.pdf,4_Longitudinal/FigureS_Ee_Binary_Trajectories.pdf
supplement,FigureS_Ee_Binary_Trajectories.png,4_Longitudinal/FigureS_Ee_Binary_Trajectories.png
supplement,FigureS_LAVi_Binary_Trajectories.pdf,4_Longitudinal/FigureS_LAVi_Binary_Trajectories.pdf
supplement,FigureS_LAVi_Binary_Trajectories.png,4_Longitudinal/FigureS_LAVi_Binary_Trajectories.png
supplement,FigureS_TRV_Binary_Trajectories.pdf,4_Longitudinal/FigureS_TRV_Binary_Trajectories.pdf
supplement,FigureS_TRV_Binary_Trajectories.png,4_Longitudinal/FigureS_TRV_Binary_Trajectories.png
supplement,FigureS_Longitudinal_ObservedTrajectories.pdf,4_Longitudinal/FigureS_Longitudinal_ObservedTrajectories.pdf
supplement,FigureS_Longitudinal_ObservedTrajectories.png,4_Longitudinal/FigureS_Longitudinal_ObservedTrajectories.png
supplement,TableS_Figure4_GAMM_Complete.csv,4_Longitudinal/TableS_Figure4_GAMM_Complete.csv
supplement,TableS_Figure4_GAMM_Complete.docx,4_Longitudinal/TableS_Figure4_GAMM_Complete.docx
supplement,TableS_Figure4_GAMM_Sensitivity.csv,4_Longitudinal/TableS_Figure4_GAMM_Sensitivity.csv
supplement,TableS_Figure4_GAMM_Sensitivity.docx,4_Longitudinal/TableS_Figure4_GAMM_Sensitivity.docx
supplement,TableS_Figure4_GAMM_Covariates.csv,4_Longitudinal/TableS_Figure4_GAMM_Covariates.csv
supplement,TableS_Figure4_GAMM_Covariates.docx,4_Longitudinal/TableS_Figure4_GAMM_Covariates.docx
supplement,TableS_Figure3_RCS_Diagnostics.csv,3_CrossSectional/TableS_Figure3_RCS_Diagnostics.csv
supplement,TableS_Figure5_Cox_Summary.csv,5_Outcomes/TableS_Figure5_Cox_Summary.csv
supplement,TableS_Figure5_Cox_Summary.docx,5_Outcomes/TableS_Figure5_Cox_Summary.docx
supplement,TableS_VEVCO2_TimeVarying_Cox.csv,5_Outcomes/TableS_VEVCO2_TimeVarying_Cox.csv
supplement,TableS_VEVCO2_TimeVarying_Cox.docx,5_Outcomes/TableS_VEVCO2_TimeVarying_Cox.docx
supplement,TableS_VEVCO2_TimeVarying_Cox_Coefficients.csv,5_Outcomes/TableS_VEVCO2_TimeVarying_Cox_Coefficients.csv
supplement,TableS_CrudeVsAdjusted_NonsigPredictors.csv,5_Outcomes/TableS_CrudeVsAdjusted_NonsigPredictors.csv
supplement,TableS_Ee_Binary_GAMM_Summary.csv,4_Longitudinal/TableS_Ee_Binary_GAMM_Summary.csv
supplement,TableS_LAVi_Binary_GAMM_Summary.csv,4_Longitudinal/TableS_LAVi_Binary_GAMM_Summary.csv
supplement,TableS_TRV_Binary_GAMM_Summary.csv,4_Longitudinal/TableS_TRV_Binary_GAMM_Summary.csv
supplement,FigureS_MatchedControls_and_BaselineCharacteristics.pdf,2_Cohort/Figure1_MatchedControls_and_BaselineCharacteristics.pdf
supplement,FigureS_MatchedControls_and_BaselineCharacteristics.png,2_Cohort/Figure1_MatchedControls_and_BaselineCharacteristics.png
supplement,FigureS_Longitudinal_GAMM.pdf,4_Longitudinal/Figure4_Longitudinal_GAMM.pdf
supplement,FigureS_Longitudinal_GAMM.png,4_Longitudinal/Figure4_Longitudinal_GAMM.png
supplement,FigureS_PropensityOverlap.pdf,2_Cohort/FigureS_PropensityOverlap.pdf
supplement,FigureS_PropensityOverlap.png,2_Cohort/FigureS_PropensityOverlap.png
supplement,TableS_Comparison_Balance_OverlapWeights.csv,2_Cohort/Table_Comparison_Balance_OverlapWeights.csv
supplement,TableS_Comparison_Covariates_WeightedUnweighted.csv,2_Cohort/Table_Comparison_Covariates_WeightedUnweighted.csv
supplement,TableS_Measurement_By_Outcome.csv,5_Outcomes/Table_Measurement_By_Outcome.csv
supplement,TableS_Consistency_MeasurementCohorts_Cox.csv,5_Outcomes/Table_Consistency_MeasurementCohorts_Cox.csv
supplement,TableS_Consistency_CommonCohort_RCS.csv,3_CrossSectional/Table_Consistency_CommonCohort_RCS.csv
supplement,TableS_Consistency_CommonCohort_LMM.csv,4_Longitudinal/Table_Consistency_CommonCohort_LMM.csv
supplement,TableS_Sensitivity_AdultsOnly_RCS.csv,3_CrossSectional/Table_Sensitivity_AdultsOnly_RCS.csv
supplement,TableS_Sensitivity_AdultsOnly_LMM.csv,4_Longitudinal/Table_Sensitivity_AdultsOnly_LMM.csv
supplement,TableS_Sensitivity_AdultsOnly_Cox.csv,5_Outcomes/Table_Sensitivity_AdultsOnly_Cox.csv
supplement,TableS_Sensitivity_MissingIndicator_LMM.csv,4_Longitudinal/Table_Sensitivity_MissingIndicator_LMM.csv
supplement,TableS_Sensitivity_MissingIndicator_Cox.csv,5_Outcomes/Table_Sensitivity_MissingIndicator_Cox.csv
supplement,TableS_Sensitivity_MultipleImputation_Cox.csv,5_Outcomes/Table_Sensitivity_MultipleImputation_Cox.csv
supplement,TableS_Sensitivity_MultipleImputation_RCS.csv,3_CrossSectional/Table_Sensitivity_MultipleImputation_RCS.csv
supplement,TableS_Sensitivity_MultipleImputation_LMM.csv,4_Longitudinal/Table_Sensitivity_MultipleImputation_LMM.csv
supplement,TableS_Figure5_Myectomy_Cox.csv,5_Outcomes/Table_Figure5_Myectomy_Cox.csv
supplement,TableS_Longitudinal_FollowupHorizon.csv,4_Longitudinal/Table_Longitudinal_FollowupHorizon.csv
main,CentralIllustration.tif,7_Central_Illustration/Central_Illustration.tif
main,CentralIllustration.pdf,7_Central_Illustration/Central_Illustration.pdf
