destination,output_file,source_file
main,CentralIllustration.pdf,7_Central_Illustration/Central_Illustration.pdf
main,CentralIllustration.tif,7_Central_Illustration/Central_Illustration.tif
main,Figure1_CohortFlow.pdf,2_Cohort/Figure1_CohortFlow.pdf
main,Figure2_ASE2025_FillingPressure.pdf,3_CrossSectional/Figure2_ASE2025_FillingPressure.pdf
main,Figure3_Nonlinear_DiastolicIndices_RCS.pdf,3_CrossSectional/Figure3_Nonlinear_DiastolicIndices_RCS.pdf
main,Figure4_Longitudinal_GAMM.pdf,4_Longitudinal/Figure4_Longitudinal_GAMM.pdf
main,Figure5_HeartFailure_Outcomes.pdf,5_Outcomes/Figure5_HeartFailure_Outcomes.pdf
main,Table1_Manuscript.docx,2_Cohort/Table1_Manuscript.docx
main,Table2_EventComponents.csv,5_Outcomes/Table_Figure5_Event_Components.csv
supplement,FigureS1_PropensityOverlap.pdf,2_Cohort/FigureS_PropensityOverlap.pdf
supplement,FigureS2_AllDiastolic_RCS.pdf,3_CrossSectional/Figure_S1_AllDiastolic_RCS.pdf
supplement,FigureS3_LAVi_Threshold_Trajectories.pdf,4_Longitudinal/FigureS_LAVi_Binary_Trajectories.pdf
supplement,FigureS4_Outcomes_Sensitivity.pdf,5_Outcomes/Figure5_HeartFailure_Outcomes_Sensitivity.pdf
supplement,TableS1_CrossSectional_PerSD_and_ExpandedAdjustment.csv,3_CrossSectional/Table_Sensitivity_SameSample_Adjustment.csv
supplement,TableS2_Longitudinal_LMM_Primary.csv,4_Longitudinal/Table3_Longitudinal_LMM_Primary.csv
supplement,TableS2_Longitudinal_LMM_Primary.docx,4_Longitudinal/Table3_Longitudinal_LMM_Primary.docx
supplement,TableS3_Outcomes_Cox_Summary.csv,5_Outcomes/TableS_Figure5_Cox_Summary.csv
supplement,TableS3_Outcomes_Cox_Summary.docx,5_Outcomes/TableS_Figure5_Cox_Summary.docx
supplement,TableS4_Outcomes_PH_Diagnostics.csv,5_Outcomes/TableS_Cox_PH_Diagnostics.csv
supplement,TableS5_Outcomes_ConsistencyCohorts.csv,5_Outcomes/Table_Consistency_MeasurementCohorts_Cox.csv
