"Metric","Value"
"Phenotypic HCM entry N",440
"E/e' + LAVi cross-sectional N",261
"Excluded before cross-sectional cohort N",179
"TRVmax measured within cross-sectional cohort N",145
"TRVmax missing within cross-sectional cohort N",116
"TRVmax missing within cross-sectional cohort percent",44.4444444444444
"Clinical-outcomes subcohort N",259
"Longitudinal subcohort N",105
"TRVmax measurement model likelihood-ratio P",0.0154974845972357
"TRVmax measurement model McFadden R2",0.0437638190071327
"Largest absolute SMD: TRVmax measured vs missing",0.419470960044246
"Largest absolute SMD: E/e' + LAVi measured vs either missing",0.382595322531339
