"Scenario","Exposure","HR (95% CI)","P value"
"Primary composite (expanded covariates)","LAVi","1.41 (1.14-1.73)","0.001"
"Primary composite (expanded covariates)","LV septal thickness","1.36 (1.06-1.75)","0.014"
"Primary composite (expanded covariates)","Peak V̇O2 (per SD lower)","1.34 (0.97-1.84)","0.076"
"Primary composite (expanded covariates)","Resting LVOT gradient","1.33 (1.04-1.70)","0.021"
"Primary composite (expanded covariates)","E/e'","1.29 (1.09-1.53)","0.003"
"Primary composite (expanded covariates)","TRVmax","1.25 (0.97-1.61)","0.084"
"Primary composite (expanded covariates)","V̇E/V̇CO2 slope","1.11 (0.89-1.40)","0.359"
"Main composite + expanded covariates","LVDD","3.67 (1.90-7.06)","<0.001"
"Main composite + expanded covariates","LAVi","1.37 (0.94-1.98)","0.097"
"Main composite + expanded covariates","E/e'","1.28 (1.05-1.57)","0.015"
"Main composite + expanded covariates","TRVmax","1.16 (0.81-1.67)","0.424"
"Main composite + expanded covariates","Resting LVOT gradient","1.72 (1.23-2.41)","0.001"
"Main composite + expanded covariates","LV septal thickness","1.38 (1.01-1.88)","0.043"
"Main composite + expanded covariates","Peak V̇O2 (per SD lower)","1.59 (1.06-2.40)","0.025"
"Main composite + expanded covariates","V̇E/V̇CO2 slope","0.94 (0.67-1.31)","0.711"
"HF/death without transplant + expanded covariates","LVDD","3.67 (1.90-7.06)","<0.001"
"HF/death without transplant + expanded covariates","LAVi","1.37 (0.94-1.98)","0.097"
"HF/death without transplant + expanded covariates","E/e'","1.28 (1.05-1.57)","0.015"
"HF/death without transplant + expanded covariates","TRVmax","1.16 (0.81-1.67)","0.424"
"HF/death without transplant + expanded covariates","Resting LVOT gradient","1.72 (1.23-2.41)","0.001"
"HF/death without transplant + expanded covariates","LV septal thickness","1.38 (1.01-1.88)","0.043"
"HF/death without transplant + expanded covariates","Peak V̇O2 (per SD lower)","1.59 (1.06-2.40)","0.025"
"HF/death without transplant + expanded covariates","V̇E/V̇CO2 slope","0.94 (0.67-1.31)","0.711"
"HF/death censored at intervention + expanded covariates","LVDD","3.93 (1.91-8.09)","<0.001"
"HF/death censored at intervention + expanded covariates","LAVi","1.44 (0.97-2.15)","0.070"
"HF/death censored at intervention + expanded covariates","E/e'","1.28 (1.03-1.59)","0.024"
"HF/death censored at intervention + expanded covariates","TRVmax","1.17 (0.79-1.73)","0.435"
"HF/death censored at intervention + expanded covariates","Resting LVOT gradient","1.64 (1.13-2.37)","0.009"
"HF/death censored at intervention + expanded covariates","LV septal thickness","1.46 (1.04-2.04)","0.029"
"HF/death censored at intervention + expanded covariates","Peak V̇O2 (per SD lower)","1.51 (0.98-2.34)","0.064"
"HF/death censored at intervention + expanded covariates","V̇E/V̇CO2 slope","0.97 (0.67-1.41)","0.874"
