"destination","output_file","source_file","sha256"
"main","CentralIllustration.pdf","7_Central_Illustration/Central_Illustration.pdf","addd49a8e81a159dc9936a59557f125032361c8f700c51606c979c5509b3695e"
"main","CentralIllustration.tif","7_Central_Illustration/Central_Illustration.tif","6dd0cf1aa76ba6a304738dbff0aeb10a8c503b2c3fc0e9673de353a266e8f861"
"main","Figure1_CohortFlow.pdf","2_Cohort/Figure1_CohortFlow.pdf","c97f0ae69b8e7eff2390c264c681996aa935ad11c968b44f636c30e099380434"
"main","Figure2_ASE2025_FillingPressure.pdf","3_CrossSectional/Figure2_ASE2025_FillingPressure.pdf","e07f3905e017a334a46824db0a4d39c92b273f1db1370dfea41634b4566426d5"
"main","Figure3_Nonlinear_DiastolicIndices_RCS.pdf","3_CrossSectional/Figure3_Nonlinear_DiastolicIndices_RCS.pdf","2dc9b6712ea1b6944b3717673c29e4e84ecefe641b0d08013a984fb251bfaf7e"
"main","Figure4_Longitudinal_GAMM.pdf","4_Longitudinal/Figure4_Longitudinal_GAMM.pdf","da9a9c8445405251dcc9fd3df6c684b3653017adfbf7fdb0236bebf4a382c383"
"main","Figure5_HeartFailure_Outcomes.pdf","5_Outcomes/Figure5_HeartFailure_Outcomes.pdf","075321cc5950bc8845540a90fc65c447fbea93541e33427a4dd5a281bda42029"
"main","Table1_Manuscript.docx","2_Cohort/Table1_Manuscript.docx","351748a66ef2d62bc72ead52408079d7387b36cf655d0815fd781eb259f392bd"
"main","Table2_EventComponents.csv","5_Outcomes/Table_Figure5_Event_Components.csv","a49530b5f8e44b496ee8ada958bc48ae1c4e2f0ed2a6929c06c2f61626effce4"
"supplement","FigureS1_PropensityOverlap.pdf","2_Cohort/FigureS_PropensityOverlap.pdf","e5b5f9d84a093daa91463cb1f9f52d5ddb139b76a65c9abdfe5eeac997c53249"
"supplement","FigureS2_AllDiastolic_RCS.pdf","3_CrossSectional/Figure_S1_AllDiastolic_RCS.pdf","ad8e3f81f09e0f3b5d77310940b3e920d083ce3667761da136f287bfac70801c"
"supplement","FigureS3_LAVi_Threshold_Trajectories.pdf","4_Longitudinal/FigureS_LAVi_Binary_Trajectories.pdf","e2dfb82c96d876d376bf880c26c3d1b3ae9b81f15317b8f6948d88e0c4dafba5"
"supplement","FigureS4_Outcomes_Sensitivity.pdf","5_Outcomes/Figure5_HeartFailure_Outcomes_Sensitivity.pdf","349be6230a1082bd6f27a493b0c1f96b72905299e0e379d2268672bbe3989995"
"supplement","TableS1_CrossSectional_PerSD_and_ExpandedAdjustment.csv","3_CrossSectional/Table_Sensitivity_SameSample_Adjustment.csv","987589f75606a370d1e760752603a10bd4562ed68f652deca70b8c4bf42afbdd"
"supplement","TableS2_Longitudinal_LMM_Primary.csv","4_Longitudinal/Table3_Longitudinal_LMM_Primary.csv","caff3fa73a8cc1cfb11d13b3eedae9c965c13278c2e8764c59378c583f730729"
"supplement","TableS2_Longitudinal_LMM_Primary.docx","4_Longitudinal/Table3_Longitudinal_LMM_Primary.docx","4d747848b634092e58c541c14fb9e6292f437cc56dc30a477af9a70b20a41528"
"supplement","TableS3_Outcomes_Cox_Summary.csv","5_Outcomes/TableS_Figure5_Cox_Summary.csv","77bb453eed9c16b04c50effa6e9b1f8e7afefdf49aab0f963bc7d44446ca637a"
"supplement","TableS3_Outcomes_Cox_Summary.docx","5_Outcomes/TableS_Figure5_Cox_Summary.docx","e02596197852e871fb9ab8add26e2f7ce2c875d522b8e34c8c806bcd5c9c2395"
"supplement","TableS4_Outcomes_PH_Diagnostics.csv","5_Outcomes/TableS_Cox_PH_Diagnostics.csv","a1cb9df67122902be295ce44d85376f2b6f12c0c8af1c0a5641bc454633bf184"
"supplement","TableS5_Outcomes_ConsistencyCohorts.csv","5_Outcomes/Table_Consistency_MeasurementCohorts_Cox.csv","dcd1e9e2f1c87ca5e14fe1f3aca4e908c140dd7a4e1d788da77eaed0f0d436ad"
