"Section","Quantity","Value","Source"
"Cohort","Screened HCM patients","443","2_Cohort/Cohort_Counts.csv"
"Cohort","Base analytic cohort","441","2_Cohort/Cohort_Counts.csv"
"Cohort","Base analytic cohort with follow-up","436","2_Cohort/Cohort_Counts.csv"
"Cohort","Composite events in the base cohort","118","2_Cohort/Cohort_Counts.csv"
"Cohort","Longitudinal patients","199","2_Cohort/Cohort_Counts.csv"
"Cohort","Longitudinal CPETs","615","2_Cohort/Cohort_Counts.csv"
"Cohort","Longitudinal follow-up, median years","3.12","2_Cohort/Cohort_Counts.csv"
"Denominators by parameter","Common cohort (E/e' + LAVi): cross-sectional / longitudinal patients / outcomes / events","261 / 108 / 259 / 61","2_Cohort/Cohort_ParameterSpecific_Counts.csv"
"Denominators by parameter","E/e' (average): cross-sectional / longitudinal patients / outcomes / events","316 / 139 / 313 / 77","2_Cohort/Cohort_ParameterSpecific_Counts.csv"
"Denominators by parameter","LAVi: cross-sectional / longitudinal patients / outcomes / events","301 / 124 / 299 / 77","2_Cohort/Cohort_ParameterSpecific_Counts.csv"
"Denominators by parameter","TRVmax: cross-sectional / longitudinal patients / outcomes / events","253 / 112 / 250 / 77","2_Cohort/Cohort_ParameterSpecific_Counts.csv"
"Denominators by parameter","Base (age/sex/BMI + >=1 CPET outcome): cross-sectional / longitudinal patients / outcomes / events","441 / 199 / 436 / 118","2_Cohort/Cohort_ParameterSpecific_Counts.csv"
"Reference comparison","HCM patients / references contributing","441 / 337","2_Cohort/Table_Comparison_Balance_OverlapWeights.csv"
"Reference comparison","Effective sample sizes (overlap-weighted)","319 / 277","2_Cohort/Table_Comparison_Balance_OverlapWeights.csv"
"Reference comparison","Largest |SMD| unweighted then weighted","0.98 then 0.0000","2_Cohort/Table_Comparison_Balance_OverlapWeights.csv"
"Cross-sectional splines","Peak V̇O2 ~ E/e' (average): N, overall P, nonlinearity q","316, <0.001, 0.106","3_CrossSectional/Table2_Figure3_RCS_Summary.csv"
"Cross-sectional splines","Peak V̇O2 ~ LAVi (mL/m²): N, overall P, nonlinearity q","301, 0.006, 0.266","3_CrossSectional/Table2_Figure3_RCS_Summary.csv"
"Cross-sectional splines","Peak V̇O2 ~ TRVmax (cm/s): N, overall P, nonlinearity q","253, <0.001, 0.478","3_CrossSectional/Table2_Figure3_RCS_Summary.csv"
"Cross-sectional splines","V̇E/V̇CO2 slope ~ E/e' (average): N, overall P, nonlinearity q","316, 0.045, 0.478","3_CrossSectional/Table2_Figure3_RCS_Summary.csv"
"Cross-sectional splines","V̇E/V̇CO2 slope ~ LAVi (mL/m²): N, overall P, nonlinearity q","301, 0.002, 0.106","3_CrossSectional/Table2_Figure3_RCS_Summary.csv"
"Cross-sectional splines","V̇E/V̇CO2 slope ~ TRVmax (cm/s): N, overall P, nonlinearity q","251, <0.001, 0.131","3_CrossSectional/Table2_Figure3_RCS_Summary.csv"
"Trajectories","Peak VO2 (% predicted) ~ E/e': patients, interaction beta, P","139, -0.018, 0.958","4_Longitudinal/Table3_Longitudinal_LMM_Primary.csv"
"Trajectories","Peak VO2 (% predicted) ~ LAVi: patients, interaction beta, P","124, 0.126, 0.75","4_Longitudinal/Table3_Longitudinal_LMM_Primary.csv"
"Trajectories","Peak VO2 (% predicted) ~ TRVmax: patients, interaction beta, P","112, 0.011, 0.977","4_Longitudinal/Table3_Longitudinal_LMM_Primary.csv"
"Trajectories","VE/VCO2 slope ~ E/e': patients, interaction beta, P","139, 0.034, 0.777","4_Longitudinal/Table3_Longitudinal_LMM_Primary.csv"
"Trajectories","VE/VCO2 slope ~ LAVi: patients, interaction beta, P","124, 0.404, 0.005","4_Longitudinal/Table3_Longitudinal_LMM_Primary.csv"
"Trajectories","VE/VCO2 slope ~ TRVmax: patients, interaction beta, P","111, -0.041, 0.773","4_Longitudinal/Table3_Longitudinal_LMM_Primary.csv"
"Outcomes","LAVi Z-score: N / events, HR (95% CI), P, BH q","299 / 77, 1.68 (1.40-2.03), 4.04 × 10⁻⁸, 2.83 × 10⁻⁷","5_Outcomes/TableS_Figure5_Cox_Summary.csv"
"Outcomes","E/e': N / events, HR (95% CI), P, BH q","313 / 77, 1.36 (1.17-1.59), 7.72 × 10⁻⁵, 1.8 × 10⁻⁴","5_Outcomes/TableS_Figure5_Cox_Summary.csv"
"Outcomes","TRVmax: N / events, HR (95% CI), P, BH q","250 / 77, 1.23 (1.02-1.47), 2.64 × 10⁻², 3.09 × 10⁻²","5_Outcomes/TableS_Figure5_Cox_Summary.csv"
"Outcomes","Resting LVOT gradient: N / events, HR (95% CI), P, BH q","273 / 68, 1.03 (0.83-1.28), 7.76 × 10⁻¹, 7.76 × 10⁻¹","5_Outcomes/TableS_Figure5_Cox_Summary.csv"
"Outcomes","LV septal thickness: N / events, HR (95% CI), P, BH q","435 / 118, 1.31 (1.09-1.59), 4.85 × 10⁻³, 8.49 × 10⁻³","5_Outcomes/TableS_Figure5_Cox_Summary.csv"
"Outcomes","Peak V̇O2: N / events, HR (95% CI), P, BH q","436 / 118, 1.74 (1.40-2.16), 4.19 × 10⁻⁷, 1.47 × 10⁻⁶","5_Outcomes/TableS_Figure5_Cox_Summary.csv"
"Outcomes","V̇E/V̇CO2 slope: N / events, HR (95% CI), P, BH q","433 / 117, 1.26 (1.07-1.48), 6.39 × 10⁻³, 8.95 × 10⁻³","5_Outcomes/TableS_Figure5_Cox_Summary.csv"
