"Model","Term","Chi-square","df","P value"
"LAVi Z-score","la_vol_index_z","0.15",1,"0.698"
"LAVi Z-score","age","3.29",1,"0.070"
"LAVi Z-score","Sex","0.02",1,"0.878"
"LAVi Z-score","BMI","6.63",1,"0.010"
"LAVi Z-score","GLOBAL","11.98",4,"0.017"
"E/e' Z-score","e_e_ave_z","0.72",1,"0.396"
"E/e' Z-score","age","1.24",1,"0.266"
"E/e' Z-score","Sex","2.14",1,"0.143"
"E/e' Z-score","BMI","5.13",1,"0.023"
"E/e' Z-score","GLOBAL","8.62",4,"0.071"
"TRVmax Z-score","tr_max_vel_z","1.51",1,"0.220"
"TRVmax Z-score","age","3.22",1,"0.073"
"TRVmax Z-score","Sex","0.01",1,"0.934"
"TRVmax Z-score","BMI","0.47",1,"0.495"
"TRVmax Z-score","GLOBAL","4.87",4,"0.301"
"LVOT Z-score","lvot_gradient_z","0.67",1,"0.414"
"LVOT Z-score","age","4.98",1,"0.026"
"LVOT Z-score","Sex","0.13",1,"0.718"
"LVOT Z-score","BMI","0.09",1,"0.760"
"LVOT Z-score","GLOBAL","6.00",4,"0.199"
"Septal Z-score","septal_thickness_z","0.45",1,"0.502"
"Septal Z-score","age","4.13",1,"0.042"
"Septal Z-score","Sex","0.00",1,"0.957"
"Septal Z-score","BMI","0.78",1,"0.378"
"Septal Z-score","GLOBAL","5.52",4,"0.238"
"Peak VO2 Z-score","vo2_friend2_z","0.60",1,"0.437"
"Peak VO2 Z-score","age","4.24",1,"0.039"
"Peak VO2 Z-score","Sex","0.00",1,"0.981"
"Peak VO2 Z-score","BMI","0.59",1,"0.442"
"Peak VO2 Z-score","GLOBAL","5.92",4,"0.205"
"VE/VCO2 Z-score","vevco2_slope_z","1.01",1,"0.315"
"VE/VCO2 Z-score","age","4.84",1,"0.028"
"VE/VCO2 Z-score","Sex","0.00",1,"0.973"
"VE/VCO2 Z-score","BMI","0.59",1,"0.444"
"VE/VCO2 Z-score","GLOBAL","6.13",4,"0.189"
