"Parameter","Analysis sample","Model","N","Events","Model coefficients","Events per coefficient","HR","CI low","CI high","P value","Global PH P value","Apical morphology HR","Apical morphology P value"
"E/e'","Primary E/e' + LAVi outcomes cohort","Unadjusted",259,61,1,61,1.28250025618958,1.09053857671969,1.50825192454343,0.00263266781722733,0.481408101947091,NA,NA
"E/e'","Primary E/e' + LAVi outcomes cohort","Age/sex/BMI adjusted",259,61,4,15.25,1.31585591318336,1.09668509832515,1.57882767524052,0.00314910690479878,0.062594781724866,NA,NA
"LAVi","Primary E/e' + LAVi outcomes cohort","Unadjusted",259,61,1,61,1.57513096681818,1.24251378187451,1.99678876711256,0.000173943526645744,0.654607577496019,NA,NA
"LAVi","Primary E/e' + LAVi outcomes cohort","Age/sex/BMI adjusted",259,61,4,15.25,1.61670409390919,1.2729045008434,2.05336073957703,8.21397634194089e-05,0.0569911483770133,NA,NA
"TRVmax","TRVmax available-case outcomes subset","Unadjusted",148,39,1,39,1.22322336996443,0.9669337052551,1.54744364033974,0.0930241814764755,0.220797667600981,NA,NA
"TRVmax","TRVmax available-case outcomes subset","Age/sex/BMI adjusted",148,39,4,9.75,1.27679084537299,1.00502338378612,1.6220466997365,0.0453926209089782,0.175807369709243,NA,NA
"E/e'","Known-morphology outcomes subset","Age/sex/BMI adjusted",224,52,4,13,1.31229390030606,1.07960764605717,1.59513068203048,0.00634980574741066,0.0912088081693704,NA,NA
"E/e'","Known-morphology outcomes subset","Age/sex/BMI + apical morphology",224,52,5,10.4,1.23107954517629,0.99147753813955,1.52858414664171,0.0597732923355312,0.0832466039791714,0.440204288230212,0.0699633870737295
"LAVi","Known-morphology outcomes subset","Age/sex/BMI adjusted",224,52,4,13,1.71638547879052,1.32634669577891,2.22112296971714,4.00427779616159e-05,0.0605101629175102,NA,NA
"LAVi","Known-morphology outcomes subset","Age/sex/BMI + apical morphology",224,52,5,10.4,1.62987821229014,1.24597368296074,2.13206990101556,0.000364183911639239,0.0696134888402319,0.479373043199996,0.0998683731321455
"TRVmax","Known-morphology outcomes subset","Age/sex/BMI adjusted",125,34,4,8.5,1.30514426482453,0.893940525210215,1.90549762983819,0.167804669195641,0.210357864272841,NA,NA
"TRVmax","Known-morphology outcomes subset","Age/sex/BMI + apical morphology",125,34,5,6.8,1.23285555106318,0.844942292084031,1.79885990324666,0.277510920873057,0.324115313784283,0.401564048805546,0.0935002891070647
