"Scenario","Exposure","N","Events","HR","CI_low","CI_high","p_value","HR (95% CI)","P value"
"Main composite + expanded covariates","LVDD",436,118,2.72285830225967,1.85564301098124,3.99535756086188,3.05567909209269e-07,"2.72 (1.86-4.00)","<0.001"
"Main composite + expanded covariates","LAVi",299,77,1.67343324397918,1.38308786938021,2.02472950855218,1.18564708285685e-07,"1.67 (1.38-2.02)","<0.001"
"Main composite + expanded covariates","E/e'",313,77,1.3557701340223,1.16146653048432,1.58257909983888,0.000115003142906479,"1.36 (1.16-1.58)","<0.001"
"Main composite + expanded covariates","TRVmax",250,77,1.25083275890065,1.04161634768561,1.50207184652524,0.0165492320769428,"1.25 (1.04-1.50)","0.017"
"Main composite + expanded covariates","Resting LVOT gradient",273,68,1.03875220304911,0.834849437535982,1.29245596969437,0.733098447123363,"1.04 (0.83-1.29)","0.733"
"Main composite + expanded covariates","LV septal thickness",435,118,1.3219285798124,1.0925508249576,1.59946350339595,0.004100971715546,"1.32 (1.09-1.60)","0.004"
"Main composite + expanded covariates","Peak V̇O2 (per SD lower)",436,118,1.74919444773509,1.40983233245383,2.17024474865168,3.75168950043828e-07,"1.75 (1.41-2.17)","<0.001"
"Main composite + expanded covariates","V̇E/V̇CO2 slope",433,117,1.2639253968881,1.06549365560857,1.49931198603552,0.00718817995200237,"1.26 (1.07-1.50)","0.007"
"HF/death without transplant + expanded covariates","LVDD",436,118,2.72285830225967,1.85564301098124,3.99535756086188,3.05567909209269e-07,"2.72 (1.86-4.00)","<0.001"
"HF/death without transplant + expanded covariates","LAVi",299,77,1.67343324397918,1.38308786938021,2.02472950855218,1.18564708285685e-07,"1.67 (1.38-2.02)","<0.001"
"HF/death without transplant + expanded covariates","E/e'",313,77,1.3557701340223,1.16146653048432,1.58257909983888,0.000115003142906479,"1.36 (1.16-1.58)","<0.001"
"HF/death without transplant + expanded covariates","TRVmax",250,77,1.25083275890065,1.04161634768561,1.50207184652524,0.0165492320769428,"1.25 (1.04-1.50)","0.017"
"HF/death without transplant + expanded covariates","Resting LVOT gradient",273,68,1.03875220304911,0.834849437535982,1.29245596969437,0.733098447123363,"1.04 (0.83-1.29)","0.733"
"HF/death without transplant + expanded covariates","LV septal thickness",435,118,1.3219285798124,1.0925508249576,1.59946350339595,0.004100971715546,"1.32 (1.09-1.60)","0.004"
"HF/death without transplant + expanded covariates","Peak V̇O2 (per SD lower)",436,118,1.74919444773509,1.40983233245383,2.17024474865168,3.75168950043828e-07,"1.75 (1.41-2.17)","<0.001"
"HF/death without transplant + expanded covariates","V̇E/V̇CO2 slope",433,117,1.2639253968881,1.06549365560857,1.49931198603552,0.00718817995200237,"1.26 (1.07-1.50)","0.007"
"HF/death censored at intervention + expanded covariates","LVDD",436,104,2.77587605634929,1.83914812921525,4.18970487358252,1.16852846711338e-06,"2.78 (1.84-4.19)","<0.001"
"HF/death censored at intervention + expanded covariates","LAVi",299,68,1.7532024579431,1.43806761180526,2.13739523323189,2.79855914356438e-08,"1.75 (1.44-2.14)","<0.001"
"HF/death censored at intervention + expanded covariates","E/e'",313,67,1.36208151864044,1.14979934209992,1.61355637935356,0.000350573548701207,"1.36 (1.15-1.61)","<0.001"
"HF/death censored at intervention + expanded covariates","TRVmax",250,69,1.22465929530968,1.00982066625501,1.48520469000745,0.0394688164909175,"1.22 (1.01-1.49)","0.039"
"HF/death censored at intervention + expanded covariates","Resting LVOT gradient",273,58,1.08159648360023,0.851780903840032,1.37341768060592,0.519826558296965,"1.08 (0.85-1.37)","0.520"
"HF/death censored at intervention + expanded covariates","LV septal thickness",435,104,1.35025084670362,1.1052253773439,1.64959779823853,0.00329009398097317,"1.35 (1.11-1.65)","0.003"
"HF/death censored at intervention + expanded covariates","Peak V̇O2 (per SD lower)",436,104,1.79433379748602,1.42787567341048,2.25484181624195,5.27871565712009e-07,"1.79 (1.43-2.25)","<0.001"
"HF/death censored at intervention + expanded covariates","V̇E/V̇CO2 slope",433,103,1.28346683051946,1.07509385812987,1.53222631920635,0.00576167657514602,"1.28 (1.08-1.53)","0.006"
