"Scenario","Exposure","Covariate handling","N","Events","HR (95% CI)","P value"
"HF/death censored at intervention + expanded covariates","E/e'","Complete case (medication recorded)",179,41,"1.33 (1.10-1.62)","0.004"
"HF/death censored at intervention + expanded covariates","E/e'","Three-level No / Yes / Unknown (reported)",313,67,"1.36 (1.15-1.61)","<0.001"
"HF/death censored at intervention + expanded covariates","LAVi","Complete case (medication recorded)",179,45,"1.73 (1.35-2.21)","<0.001"
"HF/death censored at intervention + expanded covariates","LAVi","Three-level No / Yes / Unknown (reported)",299,68,"1.75 (1.44-2.14)","<0.001"
"HF/death censored at intervention + expanded covariates","LV septal thickness","Complete case (medication recorded)",225,58,"1.35 (1.02-1.78)","0.036"
"HF/death censored at intervention + expanded covariates","LV septal thickness","Three-level No / Yes / Unknown (reported)",435,104,"1.35 (1.11-1.65)","0.003"
"HF/death censored at intervention + expanded covariates","LVDD","Complete case (medication recorded)",225,58,"2.79 (1.63-4.77)","<0.001"
"HF/death censored at intervention + expanded covariates","LVDD","Three-level No / Yes / Unknown (reported)",436,104,"2.78 (1.84-4.19)","<0.001"
"HF/death censored at intervention + expanded covariates","Peak V̇O2 (per SD lower)","Complete case (medication recorded)",225,58,"1.66 (1.25-2.21)","<0.001"
"HF/death censored at intervention + expanded covariates","Peak V̇O2 (per SD lower)","Three-level No / Yes / Unknown (reported)",436,104,"1.79 (1.43-2.25)","<0.001"
"HF/death censored at intervention + expanded covariates","Resting LVOT gradient","Complete case (medication recorded)",150,35,"1.07 (0.75-1.53)","0.711"
"HF/death censored at intervention + expanded covariates","Resting LVOT gradient","Three-level No / Yes / Unknown (reported)",273,58,"1.08 (0.85-1.37)","0.520"
"HF/death censored at intervention + expanded covariates","TRVmax","Complete case (medication recorded)",127,36,"1.24 (0.97-1.58)","0.084"
"HF/death censored at intervention + expanded covariates","TRVmax","Three-level No / Yes / Unknown (reported)",250,69,"1.22 (1.01-1.49)","0.039"
"HF/death censored at intervention + expanded covariates","V̇E/V̇CO2 slope","Complete case (medication recorded)",225,58,"1.18 (0.93-1.50)","0.171"
"HF/death censored at intervention + expanded covariates","V̇E/V̇CO2 slope","Three-level No / Yes / Unknown (reported)",433,103,"1.28 (1.08-1.53)","0.006"
"HF/death without transplant + expanded covariates","E/e'","Complete case (medication recorded)",179,47,"1.34 (1.11-1.62)","0.002"
"HF/death without transplant + expanded covariates","E/e'","Three-level No / Yes / Unknown (reported)",313,77,"1.36 (1.16-1.58)","<0.001"
"HF/death without transplant + expanded covariates","LAVi","Complete case (medication recorded)",179,51,"1.59 (1.25-2.02)","<0.001"
"HF/death without transplant + expanded covariates","LAVi","Three-level No / Yes / Unknown (reported)",299,77,"1.67 (1.38-2.02)","<0.001"
"HF/death without transplant + expanded covariates","LV septal thickness","Complete case (medication recorded)",225,66,"1.28 (0.99-1.66)","0.061"
"HF/death without transplant + expanded covariates","LV septal thickness","Three-level No / Yes / Unknown (reported)",435,118,"1.32 (1.09-1.60)","0.004"
"HF/death without transplant + expanded covariates","LVDD","Complete case (medication recorded)",225,66,"2.85 (1.72-4.71)","<0.001"
"HF/death without transplant + expanded covariates","LVDD","Three-level No / Yes / Unknown (reported)",436,118,"2.72 (1.86-4.00)","<0.001"
"HF/death without transplant + expanded covariates","Peak V̇O2 (per SD lower)","Complete case (medication recorded)",225,66,"1.68 (1.28-2.20)","<0.001"
"HF/death without transplant + expanded covariates","Peak V̇O2 (per SD lower)","Three-level No / Yes / Unknown (reported)",436,118,"1.75 (1.41-2.17)","<0.001"
"HF/death without transplant + expanded covariates","Resting LVOT gradient","Complete case (medication recorded)",150,41,"1.05 (0.76-1.45)","0.776"
"HF/death without transplant + expanded covariates","Resting LVOT gradient","Three-level No / Yes / Unknown (reported)",273,68,"1.04 (0.83-1.29)","0.733"
"HF/death without transplant + expanded covariates","TRVmax","Complete case (medication recorded)",127,38,"1.24 (0.98-1.57)","0.069"
"HF/death without transplant + expanded covariates","TRVmax","Three-level No / Yes / Unknown (reported)",250,77,"1.25 (1.04-1.50)","0.017"
"HF/death without transplant + expanded covariates","V̇E/V̇CO2 slope","Complete case (medication recorded)",225,66,"1.16 (0.93-1.46)","0.189"
"HF/death without transplant + expanded covariates","V̇E/V̇CO2 slope","Three-level No / Yes / Unknown (reported)",433,117,"1.26 (1.07-1.50)","0.007"
"Main composite + expanded covariates","E/e'","Complete case (medication recorded)",179,47,"1.34 (1.11-1.62)","0.002"
"Main composite + expanded covariates","E/e'","Three-level No / Yes / Unknown (reported)",313,77,"1.36 (1.16-1.58)","<0.001"
"Main composite + expanded covariates","LAVi","Complete case (medication recorded)",179,51,"1.59 (1.25-2.02)","<0.001"
"Main composite + expanded covariates","LAVi","Three-level No / Yes / Unknown (reported)",299,77,"1.67 (1.38-2.02)","<0.001"
"Main composite + expanded covariates","LV septal thickness","Complete case (medication recorded)",225,66,"1.28 (0.99-1.66)","0.061"
"Main composite + expanded covariates","LV septal thickness","Three-level No / Yes / Unknown (reported)",435,118,"1.32 (1.09-1.60)","0.004"
"Main composite + expanded covariates","LVDD","Complete case (medication recorded)",225,66,"2.85 (1.72-4.71)","<0.001"
"Main composite + expanded covariates","LVDD","Three-level No / Yes / Unknown (reported)",436,118,"2.72 (1.86-4.00)","<0.001"
"Main composite + expanded covariates","Peak V̇O2 (per SD lower)","Complete case (medication recorded)",225,66,"1.68 (1.28-2.20)","<0.001"
"Main composite + expanded covariates","Peak V̇O2 (per SD lower)","Three-level No / Yes / Unknown (reported)",436,118,"1.75 (1.41-2.17)","<0.001"
"Main composite + expanded covariates","Resting LVOT gradient","Complete case (medication recorded)",150,41,"1.05 (0.76-1.45)","0.776"
"Main composite + expanded covariates","Resting LVOT gradient","Three-level No / Yes / Unknown (reported)",273,68,"1.04 (0.83-1.29)","0.733"
"Main composite + expanded covariates","TRVmax","Complete case (medication recorded)",127,38,"1.24 (0.98-1.57)","0.069"
"Main composite + expanded covariates","TRVmax","Three-level No / Yes / Unknown (reported)",250,77,"1.25 (1.04-1.50)","0.017"
"Main composite + expanded covariates","V̇E/V̇CO2 slope","Complete case (medication recorded)",225,66,"1.16 (0.93-1.46)","0.189"
"Main composite + expanded covariates","V̇E/V̇CO2 slope","Three-level No / Yes / Unknown (reported)",433,117,"1.26 (1.07-1.50)","0.007"
