"Outcome","Baseline Parameter","Relationship Term","Model","Sample","Fit","Effect summary","Statistic","P value"
"Peak V̇O2","E/e' (average)","Abnormal E/e' status","Unadjusted","294 / 105","Smooth GAMM","β = -1.81; SE = 4.94","t = -0.37","0.715"
"Peak V̇O2","E/e' (average)","Abnormal E/e' status","Age, sex, BMI adjusted","294 / 105","Smooth GAMM","β = -0.15; SE = 4.66","t = -0.03","0.975"
"Peak V̇O2","E/e' (average)","Abnormal E/e' status","Age, sex, BMI + medication adjusted","119 / 67","Smooth GAMM","β = -6.29; SE = 7.71","t = -0.82","0.416"
"Peak V̇O2","E/e' (average)","Abnormal E/e' status","Age, sex, BMI + medication + diabetes adjusted","117 / 66","Smooth GAMM","β = -5.32; SE = 7.54","t = -0.70","0.482"
"Peak V̇O2","E/e' (average)","Time × abnormal E/e' status","Unadjusted","294 / 105","Smooth GAMM","edf = 1.01; ref df = 1.01","F = 0.74","0.390"
"Peak V̇O2","E/e' (average)","Time × abnormal E/e' status","Age, sex, BMI adjusted","294 / 105","Smooth GAMM","edf = 1.01; ref df = 1.01","F = 1.38","0.240"
"Peak V̇O2","E/e' (average)","Time × abnormal E/e' status","Age, sex, BMI + medication adjusted","119 / 67","Smooth GAMM","edf = 1.01; ref df = 1.01","F = 0.01","0.950"
"Peak V̇O2","E/e' (average)","Time × abnormal E/e' status","Age, sex, BMI + medication + diabetes adjusted","117 / 66","Smooth GAMM","edf = 1.07; ref df = 1.07","F = 0.17","0.675"
"Peak V̇O2","LAVi (mL/m²)","Abnormal LAVi status","Unadjusted","294 / 105","Smooth GAMM","β = -6.38; SE = 4.43","t = -1.44","0.151"
"Peak V̇O2","LAVi (mL/m²)","Abnormal LAVi status","Age, sex, BMI adjusted","294 / 105","Smooth GAMM","β = -2.58; SE = 4.15","t = -0.62","0.534"
"Peak V̇O2","LAVi (mL/m²)","Abnormal LAVi status","Age, sex, BMI + medication adjusted","119 / 67","Smooth GAMM","β = 3.07; SE = 7.31","t = 0.42","0.675"
"Peak V̇O2","LAVi (mL/m²)","Abnormal LAVi status","Age, sex, BMI + medication + diabetes adjusted","117 / 66","Smooth GAMM","β = 2.85; SE = 7.17","t = 0.40","0.692"
"Peak V̇O2","LAVi (mL/m²)","Time × abnormal LAVi status","Unadjusted","294 / 105","Smooth GAMM","edf = 1.00; ref df = 1.00","F = 0.13","0.718"
"Peak V̇O2","LAVi (mL/m²)","Time × abnormal LAVi status","Age, sex, BMI adjusted","294 / 105","Smooth GAMM","edf = 1.01; ref df = 1.01","F = 0.02","0.918"
"Peak V̇O2","LAVi (mL/m²)","Time × abnormal LAVi status","Age, sex, BMI + medication adjusted","119 / 67","Smooth GAMM","edf = 1.02; ref df = 1.02","F = 0.02","0.905"
"Peak V̇O2","LAVi (mL/m²)","Time × abnormal LAVi status","Age, sex, BMI + medication + diabetes adjusted","117 / 66","Smooth GAMM","edf = 1.77; ref df = 1.77","F = 0.60","0.420"
"Peak V̇O2","TRVmax (m/s)","Abnormal TRVmax status","Unadjusted","176 / 63","Smooth GAMM","β = -8.92; SE = 8.33","t = -1.07","0.286"
"Peak V̇O2","TRVmax (m/s)","Abnormal TRVmax status","Age, sex, BMI adjusted","176 / 63","Smooth GAMM","β = -6.56; SE = 7.79","t = -0.84","0.401"
"Peak V̇O2","TRVmax (m/s)","Abnormal TRVmax status","Age, sex, BMI + medication adjusted","70 / 41","Smooth GAMM","β = -4.90; SE = 14.12","t = -0.35","0.730"
"Peak V̇O2","TRVmax (m/s)","Abnormal TRVmax status","Age, sex, BMI + medication + diabetes adjusted","68 / 40","Smooth GAMM","β = -2.37; SE = 13.89","t = -0.17","0.865"
"Peak V̇O2","TRVmax (m/s)","Time × abnormal TRVmax status","Unadjusted","176 / 63","Smooth GAMM","edf = 1.02; ref df = 1.02","F = 0.01","0.967"
"Peak V̇O2","TRVmax (m/s)","Time × abnormal TRVmax status","Age, sex, BMI adjusted","176 / 63","Smooth GAMM","edf = 1.00; ref df = 1.00","F = 0.21","0.652"
"Peak V̇O2","TRVmax (m/s)","Time × abnormal TRVmax status","Age, sex, BMI + medication adjusted","70 / 41","Smooth GAMM","edf = 1.02; ref df = 1.02","F = 0.61","0.443"
"Peak V̇O2","TRVmax (m/s)","Time × abnormal TRVmax status","Age, sex, BMI + medication + diabetes adjusted","68 / 40","Smooth GAMM","edf = 1.04; ref df = 1.04","F = 0.61","0.452"
"V̇E/V̇CO2 slope","E/e' (average)","Abnormal E/e' status","Unadjusted","293 / 105","Smooth GAMM","β = 1.36; SE = 1.28","t = 1.06","0.288"
"V̇E/V̇CO2 slope","E/e' (average)","Abnormal E/e' status","Age, sex, BMI adjusted","293 / 105","Smooth GAMM","β = 1.01; SE = 1.28","t = 0.79","0.431"
"V̇E/V̇CO2 slope","E/e' (average)","Abnormal E/e' status","Age, sex, BMI + medication adjusted","119 / 67","Smooth GAMM","β = 0.17; SE = 1.55","t = 0.11","0.912"
"V̇E/V̇CO2 slope","E/e' (average)","Abnormal E/e' status","Age, sex, BMI + medication + diabetes adjusted","117 / 66","Smooth GAMM","β = 0.20; SE = 1.57","t = 0.13","0.899"
"V̇E/V̇CO2 slope","E/e' (average)","Time × abnormal E/e' status","Unadjusted","293 / 105","Smooth GAMM","edf = 1.03; ref df = 1.03","F = 1.50","0.218"
"V̇E/V̇CO2 slope","E/e' (average)","Time × abnormal E/e' status","Age, sex, BMI adjusted","293 / 105","Smooth GAMM","edf = 1.03; ref df = 1.03","F = 1.31","0.249"
"V̇E/V̇CO2 slope","E/e' (average)","Time × abnormal E/e' status","Age, sex, BMI + medication adjusted","119 / 67","Smooth GAMM","edf = 1.01; ref df = 1.01","F = 0.41","0.522"
"V̇E/V̇CO2 slope","E/e' (average)","Time × abnormal E/e' status","Age, sex, BMI + medication + diabetes adjusted","117 / 66","Smooth GAMM","edf = 1.01; ref df = 1.01","F = 0.17","0.681"
"V̇E/V̇CO2 slope","LAVi (mL/m²)","Abnormal LAVi status","Unadjusted","293 / 105","Smooth GAMM","β = 1.98; SE = 1.12","t = 1.77","0.077"
"V̇E/V̇CO2 slope","LAVi (mL/m²)","Abnormal LAVi status","Age, sex, BMI adjusted","293 / 105","Smooth GAMM","β = 1.83; SE = 1.11","t = 1.65","0.100"
"V̇E/V̇CO2 slope","LAVi (mL/m²)","Abnormal LAVi status","Age, sex, BMI + medication adjusted","119 / 67","Smooth GAMM","β = 1.50; SE = 1.43","t = 1.04","0.298"
"V̇E/V̇CO2 slope","LAVi (mL/m²)","Abnormal LAVi status","Age, sex, BMI + medication + diabetes adjusted","117 / 66","Smooth GAMM","β = 1.43; SE = 1.46","t = 0.98","0.329"
"V̇E/V̇CO2 slope","LAVi (mL/m²)","Time × abnormal LAVi status","Unadjusted","293 / 105","Smooth GAMM","edf = 1.03; ref df = 1.03","F = 1.29","0.256"
"V̇E/V̇CO2 slope","LAVi (mL/m²)","Time × abnormal LAVi status","Age, sex, BMI adjusted","293 / 105","Smooth GAMM","edf = 1.03; ref df = 1.03","F = 1.06","0.306"
"V̇E/V̇CO2 slope","LAVi (mL/m²)","Time × abnormal LAVi status","Age, sex, BMI + medication adjusted","119 / 67","Smooth GAMM","edf = 1.02; ref df = 1.02","F = 0.43","0.513"
"V̇E/V̇CO2 slope","LAVi (mL/m²)","Time × abnormal LAVi status","Age, sex, BMI + medication + diabetes adjusted","117 / 66","Smooth GAMM","edf = 1.02; ref df = 1.02","F = 0.21","0.657"
"V̇E/V̇CO2 slope","TRVmax (m/s)","Abnormal TRVmax status","Unadjusted","175 / 63","Smooth GAMM","β = 2.69; SE = 2.20","t = 1.22","0.222"
"V̇E/V̇CO2 slope","TRVmax (m/s)","Abnormal TRVmax status","Age, sex, BMI adjusted","175 / 63","Smooth GAMM","β = 2.75; SE = 2.17","t = 1.27","0.206"
"V̇E/V̇CO2 slope","TRVmax (m/s)","Abnormal TRVmax status","Age, sex, BMI + medication adjusted","70 / 41","Smooth GAMM","β = 3.50; SE = 2.94","t = 1.19","0.239"
"V̇E/V̇CO2 slope","TRVmax (m/s)","Abnormal TRVmax status","Age, sex, BMI + medication + diabetes adjusted","68 / 40","Smooth GAMM","β = 3.45; SE = 3.02","t = 1.14","0.257"
"V̇E/V̇CO2 slope","TRVmax (m/s)","Time × abnormal TRVmax status","Unadjusted","175 / 63","Smooth GAMM","edf = 1.04; ref df = 1.04","F = 0.02","0.939"
"V̇E/V̇CO2 slope","TRVmax (m/s)","Time × abnormal TRVmax status","Age, sex, BMI adjusted","175 / 63","Smooth GAMM","edf = 1.01; ref df = 1.01","F = 0.00","0.977"
"V̇E/V̇CO2 slope","TRVmax (m/s)","Time × abnormal TRVmax status","Age, sex, BMI + medication adjusted","70 / 41","Smooth GAMM","edf = 1.02; ref df = 1.02","F = 0.62","0.435"
"V̇E/V̇CO2 slope","TRVmax (m/s)","Time × abnormal TRVmax status","Age, sex, BMI + medication + diabetes adjusted","68 / 40","Smooth GAMM","edf = 1.02; ref df = 1.02","F = 0.59","0.449"
